year;quarter;country;Current Account Balance;Public debt;sovereign yields;GDP Growth;VIX Index;Public Deficit;Unemployment Rate;Credit To Private Sector
2000;1;Austria;-0.8423486;0.704;5.685;3.521;23.9815625;-2.16;8.2;174.3
2000;2;Austria;-0.6681185;0.708;5.537;3.675;25.90890625;-2.11;8;177.85
2000;3;Austria;-0.7021353;0.713;5.578;3.739;19.6340625;-1.83;7.9;185.06
2000;4;Austria;-0.6691687;0.662;5.389;3.651;26.8153125;-1.31;7.8;187.33
2001;1;Austria;-1.939536;0.694;5.087;2.89;26.5959375;-0.6;7.7;186.46
2001;2;Austria;-1.569105;0.7;5.33;2.035;24.70092308;0;7.7;190.73
2001;3;Austria;0.2175917;0.697;5.133;1.204;26.61184615;0.11;7.9;192.45
2001;4;Austria;0.2186354;0.668;4.815;0.52;28.78430769;-0.27;8.1;194.4
2002;1;Austria;2.337973;0.71;5.172;0.646;22.15048387;-0.64;8.3;194.15
2002;2;Austria;2.108809;0.7;5.333;0.941;22.33615385;-0.81;8.5;195.35
2002;3;Austria;3.112084;0.696;4.825;1.307;36.36454545;-1;8.8;195.89
2002;4;Austria;3.203316;0.662;4.52;1.647;31.654;-1.19;9.2;196.21
2003;1;Austria;1.351386;0.69;4.06;1.442;30.79349206;-1.18;9.6;195.2
2003;2;Austria;1.484605;0.706;3.935;1.185;21.15888889;-1.17;9.9;195.9
2003;3;Austria;1.858289;0.682;4.154;0.948;17.98061538;-1.65;9.9;197.62
2003;4;Austria;2.119442;0.653;4.348;0.801;17.21015625;-2.61;9.8;198.2
2004;1;Austria;2.072426;0.681;4.207;1.167;17.21015625;-4.02;10;198.93
2004;2;Austria;2.358739;0.711;4.289;1.625;16.84380952;-5.18;10.3;200.12
2004;3;Austria;1.051637;0.711;4.183;2.108;16.09276923;-5.15;10.6;202.22
2004;4;Austria;1.89193;0.647;3.839;2.545;13.99318182;-3.98;11;204.14
2005;1;Austria;2.026355;0.697;3.621;2.576;13.13777778;-2.61;11.4;205.94
2005;2;Austria;2.007103;0.718;3.386;2.54;14.00307692;-1.72;11.4;223.4
2005;3;Austria;2.679214;0.711;3.187;2.486;12.71242424;-1.37;11.3;228.45
2005;4;Austria;2.142495;0.642;3.368;2.46;13.17578125;-1.55;11;231.54
2006;1;Austria;2.140714;0.668;3.497;2.717;12.42876923;-1.78;10.6;233.31
2006;2;Austria;2.375336;0.694;3.995;3.016;15.2421875;-1.8;10.3;238.55
2006;3;Austria;4.319137;0.662;3.883;3.322;14.13953846;-1.69;10.1;242.4
2006;4;Austria;2.901378;0.623;3.782;3.599;11.40828125;-1.46;9.7;242.95
2007;1;Austria;4.609671;0.663;4.069;3.752;13.1653125;-1.18;9.2;243.15
2007;2;Austria;1.984361;0.686;4.227;3.832;14.30390625;-0.97;8.8;247.59
2007;3;Austria;4.410217;0.707;4.12;3.828;22.75107692;-0.89;8.5;250.84
2007;4;Austria;5.499698;0.602;4.352;3.729;23.17076923;-0.94;8.3;253.48
2008;1;Austria;4.666534;0.618;4.193;3.61;27.47730159;-0.74;8;258.14
2008;2;Austria;5.460551;0.616;4.557;3.341;21.52328125;-0.5;7.7;261.28
2008;3;Austria;3.768204;0.618;4.586;2.879;26.23590909;-0.89;7.2;265.33
2008;4;Austria;2.381931;0.638;4.201;2.179;62.54369231;-1.93;7.2;270.45
2009;1;Austria;2.897812;0.679;4.114;0.437;46.07409091;-3.21;7.6;268.72
2009;2;Austria;3.181148;0.705;4.134;-1.327;34.33333333;-4.22;7.9;268.29
2009;3;Austria;2.391154;0.695;3.796;-2.856;26.42015152;-4.63;7.9;269.63
2009;4;Austria;2.555661;0.695;3.623;-3.888;23.93646154;-4.49;7.7;269.76
2010;1;Austria;3.337673;0.701;3.642;-2.855;21.1584127;-4.4;7.5;272.05
2010;2;Austria;2.84678;0.725;3.249;-1.331;28.02714286;-4.49;7.2;276.86
2010;3;Austria;3.056075;0.719;2.886;0.418;25.51333333;-4.5;6.9;277.9
2010;4;Austria;2.324597;0.718;3.221;2.128;20.04560606;-4.5;6.7;280.92
2011;1;Austria;2.876444;0.724;3.652;2.792;19.30375;-3.2;6.3;279.19
2011;2;Austria;2.4;0.721;3.589;3.184;18.25703125;-2.59;6;284.2
2011;3;Austria;1.3;0.716;2.94;2.11;33.1;-2.41;5.8;286.93
2011;4;Austria;3.3;0.7699;3.13;1.08;28.35;-2.15;4.3;287.59
2012;1;Austria;6;0.7733;3.05;0.71;20;-3.39;4.1;288.34
2012;2;Austria;2.5;0.7774;2.54;0.44;21.9;-3.39;4.4;290.07
2012;3;Austria;2.5;0.7809;2.03;0.37;16.05;-3.25;4.5;291.66
2012;4;Austria;;0.734;1.88;-0.057761529;18.3;-2.54;4.6;289.78
2013;1;Austria;;0.7369;1.88;0.107154981;17.7;-2.6;4.9;
2013;2;Austria;;0.7401;;0.006754218;15.75;-2.55;4.7;
2013;3;Austria;;0.7429;;0.152969952;18.45;-2.4;;
2013;4;Austria;;;;;;;;
2000;1;Belgium;4.360487;1.156;5.728;3.799;23.9815625;-0.28;7.4;172.838
2000;2;Belgium;4.131015;1.131;5.561;3.955;25.90890625;-0.13;6.6;177.017
2000;3;Belgium;3.625905;1.127;5.608;3.965;19.6340625;-0.01;7.2;180.126
2000;4;Belgium;3.998011;1.078;5.447;3.796;26.8153125;0.09;7;175.917
2001;1;Belgium;2.793292;1.096;5.139;3.063;26.5959375;0.27;6.3;175.892
2001;2;Belgium;2.216766;1.101;5.375;2.231;24.70092308;0.45;6.2;177.363
2001;3;Belgium;5.032132;1.099;5.181;1.411;26.61184615;0.44;6.5;174.95
2001;4;Belgium;3.51144;1.065;4.864;0.713;28.78430769;0.24;7.5;173.755
2002;1;Belgium;7.13929;1.094;5.209;0.719;22.15048387;-0.01;7.5;175.861
2002;2;Belgium;-0.348708;1.079;5.366;0.88;22.33615385;-0.17;6.9;174.21
2002;3;Belgium;5.954316;1.065;4.851;1.119;36.36454545;-0.23;7.7;173.652
2002;4;Belgium;5.14196;1.034;4.546;1.36;31.654;-0.2;8.1;172.28
2003;1;Belgium;2.866753;1.06;4.165;1.171;30.79349206;-0.15;8.2;171.409
2003;2;Belgium;4.149271;1.05;4.008;0.97;21.15888889;-0.14;7.7;176.818
2003;3;Belgium;2.833585;1.041;4.168;0.819;17.98061538;-0.18;8.4;176.044
2003;4;Belgium;3.822519;0.984;4.357;0.784;17.21015625;-0.25;8.5;175.8
2004;1;Belgium;3.933478;1.025;4.243;1.329;17.21015625;-0.13;8.7;177.71
2004;2;Belgium;3.124029;1.01;4.34;1.956;16.84380952;0;7.4;178.557
2004;3;Belgium;3.217739;0.998;4.206;2.568;16.09276923;-0.34;9.2;180.318
2004;4;Belgium;2.705319;0.94;3.864;3.068;13.99318182;-1.14;8.4;183.223
2005;1;Belgium;3.997323;0.983;3.656;2.921;13.13777778;-2.39;8.6;185.284
2005;2;Belgium;0.5221757;0.968;3.427;2.645;14.00307692;-3.41;8.1;189.542
2005;3;Belgium;0.7382754;0.956;3.219;2.318;12.71242424;-3.31;8.7;191.428
2005;4;Belgium;0.5360421;0.92;3.39;2.02;13.17578125;-2.12;8.5;197.29
2006;1;Belgium;-0.8487499;0.951;3.543;2.116;12.42876923;-0.71;8.7;202.243
2006;2;Belgium;2.881775;0.922;4.004;2.283;15.2421875;0.25;8.4;205.923
2006;3;Belgium;4.760614;0.918;3.878;2.486;14.13953846;0.53;8.2;210.607
2006;4;Belgium;3.11073;0.88;3.786;2.69;11.40828125;0.17;8;213.811
2007;1;Belgium;0.1202095;0.9;4.083;2.829;13.1653125;-0.13;8;218.567
2007;2;Belgium;2.435588;0.887;4.364;2.908;14.30390625;-0.17;7.7;225.185
2007;3;Belgium;0.8155958;0.897;4.178;2.904;22.75107692;-0.34;7.3;227.399
2007;4;Belgium;1.261413;0.841;4.406;2.793;23.17076923;-0.64;7.1;232.335
2008;1;Belgium;-0.1062799;0.875;4.255;2.465;27.47730159;-0.64;7.1;237.525
2008;2;Belgium;-4.567156;0.864;4.596;2.016;21.52328125;-0.6;6.4;230.261
2008;3;Belgium;-3.138221;0.871;4.685;1.456;26.23590909;-1.27;7.8;233.854
2008;4;Belgium;-2.179787;0.893;4.266;0.795;62.54369231;-2.7;6.8;217.436
2009;1;Belgium;-5.730499;0.951;4.169;-0.308;46.07409091;-4.71;7.9;211.872
2009;2;Belgium;-1.374103;0.964;3.997;-1.351;34.33333333;-6.36;7.5;210.839
2009;3;Belgium;2.511967;0.98;3.744;-2.183;26.42015152;-6.58;8.3;208.62
2009;4;Belgium;-0.0396317;0.959;3.625;-2.653;23.93646154;-5.61;8.1;199.818
2010;1;Belgium;0.9667383;1;3.688;-1.738;21.1584127;-4.47;8.7;204.035
2010;2;Belgium;2.509432;1.001;3.37;-0.509;28.02714286;-3.8;8.2;206.851
2010;3;Belgium;2.34067;0.988;3.152;0.839;25.51333333;-3.57;8.7;205.554
2010;4;Belgium;-0.0423466;0.962;3.911;2.106;20.04560606;-3.72;7.9;206.336
2011;1;Belgium;-0.7209212;0.995;4.245;2.474;19.30375;-3.86;7.2;208.881
2011;2;Belgium;-0.97702;0.98;4.212;2.615;18.25703125;-3.88;6.6;216.914
2011;3;Belgium;-2.46038;0.985;4.094;2.58;33.1;-3.89;7.8;217.564
2011;4;Belgium;-0.49878;1.0193;4.42;0.93;28.35;-3.89;7.1;209.08
2012;1;Belgium;-0.45341;1.0237;3.61;0.35;20;-3.69;7.2;212.343
2012;2;Belgium;-1.60492;1.0306;3.24;-0.33;21.9;-3.69;7;214.849
2012;3;Belgium;-2.00227;1.0381;2.63;-0.33;16.05;-3.71;7.8;208.61
2012;4;Belgium;-1.4682;0.996;2.37;-0.08686022;18.3;-4.09;8;212.094
2013;1;Belgium;-1.62458;1.0056;2.29;-0.02934081;17.7;-3.94;8.3;
2013;2;Belgium;-1.08425;1.0136;2.09;0.238056416;15.75;-3.6;8.5;
2013;3;Belgium;-1.02079;1.0216;;0.310148134;18.45;-3.27;8.8;
2013;4;Belgium;;;;;;;;
2000;1;France;1.960436;0.579;5.57;1.037;23.9815625;5.66;11.1;1052.571
2000;2;France;1.822584;0.58;5.37;0.73;25.90890625;7.52;11.2;1093.04
2000;3;France;0.9167113;0.575;5.42;0.551;19.6340625;7.83;8.5;1117.08
2000;4;France;1.052;0.575;5.11;0.936;26.8153125;6.75;8.7;1130.068
2001;1;France;1.581646;0.566;4.49;0.476;26.5959375;5.62;9.8;1169.633
2001;2;France;1.647949;0.575;5.17;0.216;24.70092308;5.17;10.4;1197.187
2001;3;France;2.00825;0.576;5.06;0.196;26.61184615;4.85;8.1;1206.538
2001;4;France;1.799811;0.571;4.86;-0.459;28.78430769;4.69;8.5;1208.076
2002;1;France;1.215349;0.574;5.23;0.651;22.15048387;4.54;9.7;1243.728
2002;2;France;1.227244;0.588;5.05;0.469;22.33615385;4.34;10.5;1240.84
2002;3;France;1.372972;0.585;5.26;0.325;36.36454545;4.03;8.1;1235.529
2002;4;France;0.9583812;0.591;4.19;-0.114;31.654;3.54;8.4;1226.234
2003;1;France;0.5851067;0.607;4.31;0.195;30.79349206;2.96;9.6;1253.946
2003;2;France;0.8444227;0.629;3.5;-0.079;21.15888889;2.4;10.5;1261.119
2003;3;France;0.7942616;0.635;4.16;0.786;17.98061538;2.16;7.9;1259.046
2003;4;France;0.9155116;0.633;4.46;0.649;17.21015625;2.25;8.3;1270.083
2004;1;France;1.059983;0.64;3.95;0.536;17.21015625;2.27;9.4;1286.866
2004;2;France;0.2086016;0.653;4.46;0.668;16.84380952;2.18;10.4;1316.529
2004;3;France;-0.0557017;0.65;4.16;0.488;16.09276923;2.21;7.7;1328.355
2004;4;France;-0.0974677;0.652;3.77;0.74;13.99318182;2.34;8;1353.135
2005;1;France;-0.6488286;0.66;3.46;0.128;13.13777778;2.41;9.2;1385.313
2005;2;France;-0.481015;0.665;3.17;0.371;14.00307692;2.42;9.7;1416.557
2005;3;France;-0.7575567;0.662;3.07;0.607;12.71242424;2.65;7.3;1431.243
2005;4;France;-0.6940224;0.668;3.39;0.721;13.17578125;3.11;7.7;1465.906
2006;1;France;-0.4397164;0.665;3.59;0.603;12.42876923;3.52;8.5;1526.739
2006;2;France;-0.6715168;0.657;4.17;1.064;15.2421875;3.86;9;1560.121
2006;3;France;-0.4875816;0.656;3.72;0.203;14.13953846;4.2;6.8;1595.811
2006;4;France;-0.5653426;0.641;4.01;0.767;11.40828125;4.55;6.8;1617.687
2007;1;France;-0.816218;0.653;4.21;0.627;13.1653125;5.05;7.7;1671.38
2007;2;France;-0.8941985;0.663;4.56;0.527;14.30390625;5.56;7.8;1734.781
2007;3;France;-1.680453;0.656;4.36;0.416;22.75107692;5.55;6.1;1791.396
2007;4;France;-1.224881;0.642;4.48;0.184;23.17076923;5.04;6.2;1834.36
2008;1;France;-2.10217;0.658;4.21;0.355;27.47730159;5.08;6.7;1911.468
2008;2;France;-2.202104;0.663;4.86;-0.67;21.52328125;5.31;7.4;1936.645
2008;3;France;-1.47322;0.668;4.51;-0.316;26.23590909;4.35;5.6;1947.832
2008;4;France;-1.771166;0.682;3.37;-1.465;62.54369231;2.23;6;1961.755
2009;1;France;-1.616014;0.714;3.77;-1.553;46.07409091;-0.58;7.7;1958.952
2009;2;France;-0.7623438;0.752;3.69;0.078;34.33333333;-3.03;9.7;1944.359
2009;3;France;-1.827237;0.772;3.41;0.253;26.42015152;-3.96;7.6;1944.253
2009;4;France;-1.244675;0.79;3.6;0.601;23.93646154;-3.43;8.3;1947.182
2010;1;France;-1.43897;0.812;3.42;0.103;21.1584127;-3.04;9.4;1988.295
2010;2;France;-1.756024;0.835;2.87;0.505;28.02714286;-3.21;9.7;2009.535
2010;3;France;-2.557839;0.82;2.65;0.426;25.51333333;-2.98;7.4;2027.979
2010;4;France;-2.3576;0.823;3.36;0.343;20.04560606;-2.26;7.5;2048.67
2011;1;France;-2.385467;0.843;3.79;0.936;19.30375;-1.36;8.7;2101.756
2011;2;France;-2.12488;0.86;2.53;-0.067;18.25703125;-0.68;9;2147.362
2011;3;France;-1.82489;0.852;3.01;0.332;32.23772727;-0.53;6.9;2178.238
2011;4;France;-1.36211;1.0399;3.19;0.99;28.35;-0.92;7;2181.465
2012;1;France;-2.50018;1.096;3.05;1.44;20;-0.96;8.1;2216.34
2012;2;France;-2.67768;1.106;2.77;-0.15;21.9;-0.72;8.8;2228.064
2012;3;France;-2.39989;1.1162;2.21;-1.08;16.05;-0.67;7.2;2213.768
2012;4;France;-1.68627;0.9025;2.11;-0.172254052;18.3;;10.6;2218.415
2013;1;France;-2.30327;0.9175;2.16;-0.057812431;17.7;;10.8;
2013;2;France;-2.23343;0.9272;1.96;0.54853845;15.75;;10.8;
2013;3;France;-2.20806;0.9364;;-0.149446519;18.45;;11;
2013;4;France;;;;;;;;
2000;1;Germany;-1.442128;0.614;5.445;2.183;23.9815625;-3.64;8.2;2388.6
2000;2;Germany;-1.365987;0.609;5.237;2.633;25.90890625;1.05;8;2391.1
2000;3;Germany;-2.347967;0.61;5.24;3.028;19.6340625;7.92;7.9;2421.7
2000;4;Germany;-2.111825;0.602;5.088;3.295;26.8153125;-1.93;7.8;2445.7
2001;1;Germany;-1.234332;0.593;4.768;3.054;26.5959375;-4.2;7.7;2487.6
2001;2;Germany;-0.7529116;0.587;5.049;2.664;24.70092308;0.18;7.7;2473.6
2001;3;Germany;0.6510441;0.591;4.871;2.175;26.61184615;-2.32;7.9;2471.5
2001;4;Germany;1.339303;0.591;4.605;1.638;28.78430769;-3.15;8.1;2497.1
2002;1;Germany;1.220638;0.601;5;1.185;22.15048387;-6.29;8.3;2479
2002;2;Germany;1.596727;0.6;5.148;0.754;22.33615385;-1.25;8.5;2477.9
2002;3;Germany;2.837752;0.605;4.636;0.361;36.36454545;-3.15;8.8;2491.9
2002;4;Germany;2.310538;0.607;4.397;0.025;31.654;-1.7;9.2;2506.9
2003;1;Germany;0.7111444;0.622;4.023;-0.202;30.79349206;-7.07;9.6;2498
2003;2;Germany;1.291651;0.629;3.889;-0.349;21.15888889;-2.04;9.9;2502.9
2003;3;Germany;2.842014;0.637;4.095;-0.411;17.98061538;-5.07;9.9;2504.9
2003;4;Germany;2.844966;0.644;4.32;-0.385;17.21015625;0.1;9.8;2497.4
2004;1;Germany;4.019142;0.661;4.117;-0.158;17.21015625;-7.8;10;2491.9
2004;2;Germany;4.417319;0.66;4.242;0.125;16.84380952;-1.68;10.3;2483.2
2004;3;Germany;4.483363;0.666;4.125;0.424;16.09276923;-3.76;10.6;2478.1
2004;4;Germany;5.015543;0.663;3.826;0.702;13.99318182;0.96;11;2479.7
2005;1;Germany;4.996564;0.676;3.638;0.673;13.13777778;-7.01;11.4;2475.2
2005;2;Germany;5.352153;0.679;3.341;0.644;14.00307692;-1.25;11.4;2482.3
2005;3;Germany;4.678791;0.685;3.156;0.678;12.71242424;-2.32;11.3;2505.3
2005;4;Germany;4.830568;0.686;3.357;0.833;13.17578125;0.15;11;2504.6
2006;1;Germany;6.085372;0.688;3.501;1.576;12.42876923;-4.42;10.6;2556.8
2006;2;Germany;6.102674;0.688;3.962;2.4;15.2421875;1.65;10.3;2560.2
2006;3;Germany;7.772408;0.689;3.856;3.205;14.13953846;-1.34;10.1;2571.2
2006;4;Germany;6.849133;0.681;3.752;3.889;11.40828125;1.34;9.7;2536.1
2007;1;Germany;7.740199;0.673;4.024;4.041;13.1653125;-3.08;9.2;2555.8
2007;2;Germany;7.621413;0.673;4.294;3.994;14.30390625;2.77;8.8;2538
2007;3;Germany;7.812729;0.656;4.103;3.771;22.75107692;-0.75;8.5;2552.6
2007;4;Germany;7.095696;0.652;4.232;3.394;23.17076923;2.56;8.3;2556
2008;1;Germany;6.993502;0.654;3.995;2.991;27.47730159;-1.58;8;2593.5
2008;2;Germany;5.894128;0.663;4.281;2.439;21.52328125;2.43;7.7;2604.6
2008;3;Germany;5.027427;0.657;4.29;1.717;26.23590909;-1.24;7.2;2657.2
2008;4;Germany;4.063664;0.667;3.512;0.809;62.54369231;-0.46;7.2;2686.9
2009;1;Germany;5.125898;0.689;3.118;-1.05;46.07409091;-3.98;7.6;2716.4
2009;2;Germany;6.337851;0.728;3.332;-2.836;34.33333333;-3.33;7.9;2725.6
2009;3;Germany;7.118649;0.739;3.291;-4.272;26.42015152;-5.62;7.9;2705.4
2009;4;Germany;5.404245;0.744;3.237;-5.078;23.93646154;-4.64;7.7;2692.9
2010;1;Germany;5.043774;0.746;3.18;-3.342;21.1584127;-6;7.5;2673.6
2010;2;Germany;5.794077;0.755;2.822;-1.074;28.02714286;-1.47;7.2;2685
2010;3;Germany;6.256384;0.757;2.396;1.353;25.51333333;-3.9;6.9;2665.8
2010;4;Germany;5.157007;0.832;2.717;3.562;20.04560606;-2.32;6.7;2669.1
2011;1;Germany;4.996408;0.822;3.168;3.895;19.30375;-3.2;6.3;2680.7
2011;2;Germany;5.79513;0.82;3.163;3.774;18.25703125;3.24;6;2681.2
2011;3;Germany;6.1635;0.818;2.26;3.338;32.23772727;-2.76;5.8;2713.5
2011;4;Germany;6.07379;0.6768;1.93;1.91;28.35;1.13;7;2709.4
2012;1;Germany;6.81209;0.678;1.83;1.18;20;0.13;8.1;2722.7
2012;2;Germany;6.94449;0.6797;1.42;0.99;21.9;0.29;8.8;2692.7
2012;3;Germany;7.57084;0.6754;1.36;0.86;16.05;0.45;7.2;2720.6
2012;4;Germany;6.96513;0.819;1.37;-0.45780709;18.3;-0.14;5.4;2695.5
2013;1;Germany;6.8574;0.8167;1.47;-3.24E-06;17.7;0.01;5.4;
2013;2;Germany;6.80927;0.8161;1.34;0.721437312;15.75;0.05;5.3;
2013;3;Germany;6.66047;0.8162;;0.322323134;18.45;-0.02;5.3;
2013;4;Germany;;;;;;;;
2000;1;Greece;-7.726462;1.034;6.429;3.681;23.9815625;-3.73;12.5;47.659
2000;2;Greece;-7.154082;1.034;6.113;3.969;25.90890625;-3.56;11.5;51.243
2000;3;Greece;-9.488158;1.034;6.061;4.246;19.6340625;2.05;11.1;55.123
2000;4;Greece;-6.81176;1.034;5.797;4.476;26.8153125;-9.81;11.1;59.09
2001;1;Greece;-5.599292;1.034;5.343;4.498;26.5959375;-6.37;11.4;62.225
2001;2;Greece;-5.698994;1.026;5.527;4.45;24.70092308;-4.32;10.6;66.283
2001;3;Greece;-9.152903;1.013;5.349;4.346;26.61184615;-0.82;10.4;68.923
2001;4;Greece;-8.356861;1.037;5.029;4.198;28.78430769;-6.45;11.4;72.847
2002;1;Greece;-6.195911;1.019;5.342;3.907;22.15048387;-5.16;11.6;74.66
2002;2;Greece;-6.736373;1.012;5.473;3.645;22.33615385;-6.04;10.1;78.202
2002;3;Greece;-6.538744;1.005;4.97;3.469;36.36454545;-2.23;10;80.388
2002;4;Greece;-6.581976;1.017;4.668;3.439;31.654;-6.01;10.3;84.255
2003;1;Greece;-8.75227;0.996;4.28;4.046;30.79349206;-6.25;10.5;87.179
2003;2;Greece;-6.332036;0.995;4.067;4.743;21.15888889;-5.48;9.5;92.116
2003;3;Greece;-5.391441;0.973;4.231;5.413;17.98061538;-3.5;9.4;95.418
2003;4;Greece;-5.752595;0.974;4.432;5.944;17.21015625;-7.7;10.1;99.514
2004;1;Greece;-5.312425;0.994;4.324;5.793;17.21015625;-10.29;11.5;103.724
2004;2;Greece;-5.622069;1.027;4.414;5.442;16.84380952;-13.59;10.4;109.422
2004;3;Greece;-6.276936;1.017;4.309;4.949;16.09276923;-1.99;10.2;113.273
2004;4;Greece;-6.746084;0.989;3.975;4.367;13.99318182;-4.47;10.5;118.552
2005;1;Greece;-6.017776;0.986;3.791;3.679;13.13777778;-8.45;10.6;123.732
2005;2;Greece;-8.117686;1.024;3.582;3.045;14.00307692;-12.53;9.8;130.409
2005;3;Greece;-9.290007;1.03;3.378;2.551;12.71242424;-1.08;9.8;135.467
2005;4;Greece;-12.16853;1.1;3.564;2.281;13.17578125;-1.24;9.8;143.443
2006;1;Greece;-11.21136;1.085;3.786;2.878;12.42876923;-6.73;9.8;149.997
2006;2;Greece;-11.42801;1.084;4.283;3.649;15.2421875;-11.07;8.9;157.778
2006;3;Greece;-10.20111;1.077;4.163;4.457;14.13953846;-2.13;8.5;164.208
2006;4;Greece;-14.23627;1.077;4.018;5.166;11.40828125;-4.43;8.9;171.163
2007;1;Greece;-12.97117;1.092;4.286;5.243;13.1653125;-8.3;9.2;178.459
2007;2;Greece;-13.73394;1.079;4.53;5.106;14.30390625;-12.44;8.2;189.356
2007;3;Greece;-16.39411;1.063;4.371;4.778;22.75107692;-3.45;8;197.078
2007;4;Greece;-14.54305;1.074;4.557;4.279;23.17076923;-3.34;8.2;205.961
2008;1;Greece;-16.05002;1.08;4.389;3.599;27.47730159;-11.03;8.4;216.041
2008;2;Greece;-15.24969;1.085;4.824;2.806;21.52328125;-15.61;7.3;226.238
2008;3;Greece;-12.90539;1.098;4.993;1.935;26.23590909;-6.59;7.3;235.725
2008;4;Greece;-11.90901;1.13;5.125;1.023;62.54369231;-6.7;8.1;240.998
2009;1;Greece;-11.50154;1.214;5.645;0.136;46.07409091;-16.3;9.5;242.816
2009;2;Greece;-10.09914;1.258;5.416;-0.736;34.33333333;-15.2;9;243.522
2009;3;Greece;-10.55587;1.286;4.602;-1.568;26.42015152;-13.99;9.4;245.179
2009;4;Greece;-13.85042;1.293;4.933;-2.339;23.93646154;-16.83;10.5;243.1
2010;1;Greece;-6.97062;1.324;6.528;-2.97;21.1584127;-14.12;11.9;244.496
2010;2;Greece;-10.07461;1.346;8.531;-3.516;28.02714286;-9.14;12;240.38
2010;3;Greece;-8.921182;1.388;10.784;-3.978;25.51333333;-8.46;12.6;235.928
2010;4;Greece;-11.0334;1.449;11.929;-4.354;20.04560606;-10.59;14.4;234.261
2011;1;Greece;-15.4;1.526;11.981;-4.733;19.30375;-9.13;16.1;232.26
2011;2;Greece;-7.7;1.547;15.722;-4.99;18.25703125;-12.22;16.6;230.744
2011;3;Greece;-1.4;1.591;16.61;-5.091;32.23772727;-9.53;17.9;229.927
2011;4;Greece;-8.8;1.7265;19.03;;28.35;1.13;20.9;225.706
2012;1;Greece;-10.2;1.7503;24.74;;20;0.13;22.8;221.466
2012;2;Greece;-5;1.6741;25.4;;21.9;0.29;23.8;217.437
2012;3;Greece;3.4;1.7203;23.69;;16.05;0.45;25;210.566
2012;4;Greece;;1.5221;16.16;;18.3;-10.3;26.1;206.896
2013;1;Greece;;1.5617;11.14;;17.7;-5.62;26.6;
2013;2;Greece;;1.5975;;;15.75;-5.01;27.4;
2013;3;Greece;;1.6402;;;18.45;-4.78;;
2013;4;Greece;;;;;;;;
2000;1;Ireland;0.2409274;0.461;5.703;10.062;23.9815625;4.55;4.8;73.723
2000;2;Ireland;2.474757;0.436;5.506;10.02;25.90890625;5.55;4.4;75.314
2000;3;Ireland;-1.09253;0.403;5.508;9.772;19.6340625;5.27;4.4;79.763
2000;4;Ireland;-1.292223;0.368;5.335;9.298;26.8153125;3.69;4;81.425
2001;1;Ireland;-0.1002114;0.351;4.99;8.166;26.5959375;2.09;3.8;84.811
2001;2;Ireland;0.3264557;0.337;5.201;6.939;24.70092308;1.04;3.7;90.007
2001;3;Ireland;-0.2202271;0.339;5.083;5.765;26.61184615;0.45;4.4;91.54
2001;4;Ireland;-2.510127;0.342;4.775;4.792;28.78430769;0.29;4;94.986
2002;1;Ireland;-0.6321267;0.336;5.2;4.866;22.15048387;-0.03;4.4;96.474
2002;2;Ireland;-3.335565;0.335;5.359;5.159;22.33615385;-0.49;4.3;98.329
2002;3;Ireland;-0.0080619;0.334;4.859;5.538;36.36454545;-0.52;4.7;103.545
2002;4;Ireland;-0.0825459;0.305;4.613;5.874;31.654;-0.17;4.7;104.64
2003;1;Ireland;-0.2107408;0.315;4.153;5.518;30.79349206;0.13;4.7;106.801
2003;2;Ireland;0.729191;0.324;3.941;5.062;21.15888889;0.28;4.6;110.868
2003;3;Ireland;-0.3215114;0.322;4.125;4.584;17.98061538;0.5;5.3;116.89
2003;4;Ireland;-0.1857071;0.308;4.314;4.159;17.21015625;0.75;4.7;124.274
2004;1;Ireland;1.907782;0.312;4.041;4.115;17.21015625;1.1;4.5;132.619
2004;2;Ireland;-1.522253;0.32;4.211;4.174;16.84380952;1.37;4.6;141.304
2004;3;Ireland;-2.410585;0.308;4.04;4.314;16.09276923;1.54;4.9;151.638
2004;4;Ireland;-2.829713;0.291;3.963;4.508;13.99318182;1.55;4.5;162.329
2005;1;Ireland;-3.011712;0.293;3.963;4.723;13.13777778;1.49;4.2;171.668
2005;2;Ireland;-3.502872;0.295;3.963;4.948;14.00307692;1.42;4.3;184.043
2005;3;Ireland;-4.523648;0.289;3.709;5.16;12.71242424;1.68;4.7;197.161
2005;4;Ireland;-3.196951;0.271;3.398;5.34;13.17578125;2.08;4.5;211.315
2006;1;Ireland;-3.167572;0.275;3.502;5.384;12.42876923;2.8;4.3;224.706
2006;2;Ireland;-3.046688;0.272;3.965;5.386;15.2421875;3.54;4.4;239.479
2006;3;Ireland;-4.721414;0.258;3.883;5.358;14.13953846;3.2;5;252.494
2006;4;Ireland;-5.542991;0.245;3.781;5.312;11.40828125;2.19;4.3;266.548
2007;1;Ireland;-4.157226;0.247;4.017;5.599;13.1653125;1.43;4.4;275.895
2007;2;Ireland;-3.86587;0.245;4.369;5.755;14.30390625;1.13;4.6;288.803
2007;3;Ireland;-7.692421;0.286;4.15;5.657;22.75107692;-0.09;4.9;300.495
2007;4;Ireland;-6.401784;0.249;4.38;5.182;23.17076923;-2.17;4.6;310.985
2008;1;Ireland;-5.275485;0.275;4.219;3.421;27.47730159;-4.65;4.7;317.594
2008;2;Ireland;-6.97172;0.324;4.681;1.348;21.52328125;-6.79;5.4;318.634
2008;3;Ireland;-3.877203;0.387;4.759;-0.846;26.23590909;-8.34;6.9;324.257
2008;4;Ireland;-3.491136;0.443;4.627;-2.972;62.54369231;-9.76;7.6;310.703
2009;1;Ireland;-3.027499;0.512;5.542;-4.617;46.07409091;-10.6;10.3;311.466
2009;2;Ireland;-2.116736;0.595;5.398;-5.903;34.33333333;-11.46;12.2;307.035
2009;3;Ireland;-3.05257;0.623;5.053;-6.73;26.42015152;-14.31;12.9;297.83
2009;4;Ireland;-0.8654608;0.652;4.789;-6.995;23.93646154;-19.65;12.6;286.441
2010;1;Ireland;-0.4911568;0.783;4.637;-5.707;21.1584127;-11.53;13.1;276.683
2010;2;Ireland;2.548314;0.784;5.033;-4.014;28.02714286;-9.95;13.9;259.337
2010;3;Ireland;0.7913987;0.884;5.887;-2.169;25.51333333;-9.08;14.1;246.628
2010;4;Ireland;0.3351334;0.925;8.608;-0.43;20.04560606;-95.36;14.3;222.835
2011;1;Ireland;-0.3728637;1.003;9.289;0.071;19.30375;-19.77;14.6;220.513
2011;2;Ireland;0.95619;1.023;10.779;0.307;18.25703125;-14.74;14.9;218.364
2011;3;Ireland;2.45039;1.049;9.04;0.372;32.23772727;-10.95;15.4;217.399
2011;4;Ireland;2.03308;1.064;8.65;0.82;28.35;-7.84;14.8;198.524
2012;1;Ireland;1.51381;1.0747;7.05;2.9;20;-8.04;15.3;196.197
2012;2;Ireland;7.51986;1.0915;6.79;1.48;21.9;-8.39;15.3;194.529
2012;3;Ireland;5.9954;1.1113;5.61;-0.49;16.05;-8.86;15.3;192.251
2012;4;Ireland;4.56764;1.176;4.51;-0.211613356;18.3;-5.59;14.3;195.309
2013;1;Ireland;5.03704;1.1991;4.02;-0.586223746;17.7;-6.93;13.7;
2013;2;Ireland;5.02138;1.2242;;0.444712392;15.75;-7.89;13.7;
2013;3;Ireland;5.0102;1.2461;;;18.45;-8.12;12.9;
2013;4;Ireland;;;;;;;;
2000;1;Italy;-0.0133957;1.127;5.722;2.063;23.9815625;-0.93;10.8;666.99
2000;2;Italy;-0.676523;1.128;5.566;2.7;25.90890625;-0.38;10.3;686.352
2000;3;Italy;-0.4989658;1.115;5.606;3.276;19.6340625;-0.55;9.6;704.124
2000;4;Italy;-0.7026584;1.085;5.493;3.693;26.8153125;-1.43;9.5;728.043
2001;1;Italy;-0.2141843;1.1;5.174;3.429;26.5959375;-2.47;9.5;739.346
2001;2;Italy;-0.2585304;1.103;5.433;2.98;24.70092308;-3.23;9.1;748.616
2001;3;Italy;-0.3716129;1.084;5.259;2.419;26.61184615;-3.52;8.6;753.905
2001;4;Italy;0.6416864;1.082;4.928;1.818;28.78430769;-3.33;8.8;776.184
2002;1;Italy;-0.1538399;1.109;5.25;1.414;22.15048387;-3.08;8.7;778.582
2002;2;Italy;-0.8596418;1.103;5.388;1.048;22.33615385;-3;8.7;796.171
2002;3;Italy;-0.6025963;1.094;4.876;0.726;36.36454545;-3.06;8.1;801.061
2002;4;Italy;-1.838596;1.051;4.636;0.454;31.654;-3.24;8.4;825.76
2003;1;Italy;-1.309589;1.074;4.214;0.209;30.79349206;-3.47;9.1;835.936
2003;2;Italy;-1.721091;1.077;4.038;0.036;21.15888889;-3.65;8.4;851.35
2003;3;Italy;-1.299959;1.083;4.243;-0.045;17.98061538;-3.66;8;867.982
2003;4;Italy;-1.108119;1.039;4.439;-0.017;17.21015625;-3.64;8.3;894.864
2004;1;Italy;-0.8362738;1.069;4.268;0.355;17.21015625;-3.48;8.7;898.869
2004;2;Italy;-0.3385657;1.084;4.433;0.783;16.84380952;-3.37;7.9;923.514
2004;3;Italy;-1.465135;1.078;4.306;1.198;16.09276923;-3.48;7.4;931.506
2004;4;Italy;-1.872724;1.034;3.976;1.532;13.99318182;-3.8;8.2;963.2
2005;1;Italy;-1.515988;1.073;3.764;1.357;13.13777778;-4.29;8.2;979.137
2005;2;Italy;-1.501557;1.097;3.526;1.105;14.00307692;-4.66;7.5;1006.496
2005;3;Italy;-1.460889;1.08;3.361;0.846;12.71242424;-4.64;7.1;1013.747
2005;4;Italy;-2.739573;1.054;3.555;0.656;13.17578125;-4.2;8;1035.475
2006;1;Italy;-2.426319;1.077;3.731;0.953;12.42876923;-3.89;7.6;1064.48
2006;2;Italy;-2.795089;1.093;4.272;1.326;15.2421875;-3.68;6.5;1093.7
2006;3;Italy;-2.005117;1.085;4.14;1.709;14.13953846;-3.35;6.1;1113.665
2006;4;Italy;-2.656371;1.061;4.006;2.036;11.40828125;-2.8;6.9;1153.246
2007;1;Italy;-2.262255;1.069;4.26;2.091;13.1653125;-2.05;6.4;1177.475
2007;2;Italy;-1.906257;1.068;4.512;2.021;14.30390625;-1.38;5.7;1209.384
2007;3;Italy;-2.80691;1.055;4.348;1.819;22.75107692;-1.29;5.6;1236.361
2007;4;Italy;-3.416683;1.031;4.54;1.482;23.17076923;-1.79;6.6;1282.548
2008;1;Italy;-1.545774;1.056;4.385;0.946;27.47730159;-2.17;7.1;1296.704
2008;2;Italy;-3.614179;1.05;4.764;0.288;21.52328125;-2.3;6.7;1313.651
2008;3;Italy;-3.984079;1.045;4.94;-0.474;26.23590909;-2.8;6.1;1327.666
2008;4;Italy;-2.612488;1.058;4.744;-1.323;62.54369231;-3.59;7.1;1340.937
2009;1;Italy;-1.795919;1.117;4.595;-2.643;46.07409091;-4.74;7.9;1338.153
2009;2;Italy;-2.115821;1.137;4.428;-3.852;34.33333333;-5.68;7.3;1348.789
2009;3;Italy;-1.146084;1.167;4.153;-4.77;26.42015152;-5.91;7.3;1342.92
2009;4;Italy;-3.384228;1.155;4.013;-5.217;23.93646154;-5.45;8.6;1348.541
2010;1;Italy;-3.408597;1.175;4.031;-3.878;21.1584127;-4.92;9.1;1355.228
2010;2;Italy;-3.43053;1.184;4.051;-2.163;28.02714286;-4.66;8.3;1437.194
2010;3;Italy;-3.513967;1.191;3.886;-0.347;25.51333333;-4.49;7.6;1450.253
2010;4;Italy;-4.60656;1.184;4.572;1.296;20.04560606;-4.35;8.7;1463.698
2011;1;Italy;-3.617939;1.195;4.807;1.511;19.30375;-4.18;8.6;1498.935
2011;2;Italy;-3.21988;1.212;4.774;1.394;18.25703125;-4.01;7.8;1517.518
2011;3;Italy;-2.67585;1.196;5.49;1.065;32.23772727;-3.86;7.6;1527.527
2011;4;Italy;-2.11784;1.1971;6.61;-0.49;28.35;-3.74;9.6;1515.832
2012;1;Italy;-2.04158;1.2045;5.71;-1.37;20;-2.75;10.9;1503.3
2012;2;Italy;-0.40574;1.2156;5.79;-2.37;21.9;-2.66;10.5;1502.208
2012;3;Italy;-0.05751;1.2276;5.69;-2.41;16.05;-2.74;9.8;1483.924
2012;4;Italy;0.08142;1.27;4.78;-0.931890134;18.3;-2.75;11.4;1478.637
2013;1;Italy;0.31008;1.2808;4.45;-0.57073838;17.7;-3.29;11.9;
2013;2;Italy;0.90039;1.2949;4.21;-0.269297981;15.75;-3.26;12.1;
2013;3;Italy;1.05174;1.3076;;-0.12209833;18.45;-3.08;12.3;
2013;4;Italy;;;;;;;;
2000;1;Luxembourg;16.27678;0.06;5.596;8.761;23.9815625;6.08;2.4;
2000;2;Luxembourg;13.34937;0.06;5.493;8.921;25.90890625;7.02;2.3;
2000;3;Luxembourg;16.6659;0.06;5.513;8.837;19.6340625;9.04;2.2;
2000;4;Luxembourg;7.412525;0.062;5.496;8.443;26.8153125;1.99;2;
2001;1;Luxembourg;16.32911;0.059;5.062;6.993;26.5959375;3.5;1.9;
2001;2;Luxembourg;-1.018324;0.059;5.136;5.382;24.70092308;8.48;1.8;
2001;3;Luxembourg;7.722677;0.06;4.927;3.82;26.61184615;8.69;1.9;
2001;4;Luxembourg;12.09518;0.063;4.418;2.517;28.78430769;4.04;2;
2002;1;Luxembourg;16.22036;0.061;4.865;2.665;22.15048387;3.94;2.2;
2002;2;Luxembourg;13.25109;0.061;5.163;3.1;22.33615385;3.32;2.4;
2002;3;Luxembourg;4.861764;0.061;4.766;3.641;36.36454545;7.38;2.7;
2002;4;Luxembourg;6.460021;0.063;4.121;4.105;31.654;-5.75;3;
2003;1;Luxembourg;1.81333;0.061;3.639;3.481;30.79349206;0.72;3.3;16.17
2003;2;Luxembourg;2.372178;0.062;3.441;2.748;21.15888889;1.95;3.6;16.86
2003;3;Luxembourg;12.13437;0.063;3.011;2.053;17.98061538;2.01;3.9;16.74
2003;4;Luxembourg;16.78679;0.062;3.284;1.548;17.21015625;-2.51;4.3;16.98
2004;1;Luxembourg;11.93195;0.055;2.97;2.036;17.21015625;-2.23;4.7;17.16
2004;2;Luxembourg;14.42905;0.055;2.909;2.749;16.84380952;1.24;5;17.58
2004;3;Luxembourg;17.40836;0.056;2.958;3.575;16.09276923;1.52;5.1;17.65
2004;4;Luxembourg;12.59992;0.063;2.648;4.399;13.99318182;-4.68;4.9;17.96
2005;1;Luxembourg;13.57127;0.06;2.559;4.814;13.13777778;-1.96;4.7;18.32
2005;2;Luxembourg;15.84248;0.057;2.354;5.121;14.00307692;2.02;4.7;19.62
2005;3;Luxembourg;2.885965;0.057;2.191;5.325;12.71242424;-0.16;4.6;19.37
2005;4;Luxembourg;6.641695;0.061;2.521;5.43;13.17578125;0.02;4.6;19.95
2006;1;Luxembourg;17.80625;0.065;2.809;5.314;12.42876923;-0.19;4.6;20.56
2006;2;Luxembourg;9.144929;0.065;3.003;5.161;15.2421875;7.55;4.5;20.87
2006;3;Luxembourg;5.942356;0.066;3.538;5.028;14.13953846;0.06;4.6;21.93
2006;4;Luxembourg;6.260658;0.067;3.703;4.972;11.40828125;-1.77;4.6;23.08
2007;1;Luxembourg;12.43457;0.065;3.876;5.541;13.1653125;2.11;4.4;25.43
2007;2;Luxembourg;7.002366;0.069;4.45;6.102;14.30390625;6.17;4.1;26.51
2007;3;Luxembourg;12.70668;0.067;4.195;6.515;22.75107692;3.84;4;26.54
2007;4;Luxembourg;5.634205;0.067;4.618;6.639;23.17076923;2.57;4.2;29.05
2008;1;Luxembourg;10.79061;0.071;4.47;5.71;27.47730159;-0.11;4.4;29.64
2008;2;Luxembourg;1.831019;0.072;4.63;4.461;21.52328125;7.93;4.8;31.24
2008;3;Luxembourg;0.968255;0.072;4.907;3.001;26.23590909;1.98;5.1;33.66
2008;4;Luxembourg;13.33441;0.137;4.507;1.44;62.54369231;2.13;5.2;36.33
2009;1;Luxembourg;1.841905;0.143;4.244;-0.314;46.07409091;-1.68;5.4;35.98
2009;2;Luxembourg;8.54454;0.147;4.558;-1.872;34.33333333;2.15;5.3;36.08
2009;3;Luxembourg;1.90563;0.151;4.318;-3.043;26.42015152;-1.21;5.1;35.77
2009;4;Luxembourg;6.746459;0.148;3.859;-3.639;23.93646154;-2.42;4.9;35.25
2010;1;Luxembourg;11.16475;0.151;3.714;-2.242;21.1584127;-4.48;4.6;36.36
2010;2;Luxembourg;9.799811;0.201;3.324;-0.383;28.02714286;2.65;4.4;33.3
2010;3;Luxembourg;-0.4124076;0.199;2.787;1.637;25.51333333;-2.77;4.5;33.01
2010;4;Luxembourg;-2.017213;0.191;2.991;3.516;20.04560606;0.83;4.7;35.12
2011;1;Luxembourg;;0.189;3.389;3.954;19.30375;-2.93;4.7;33.83
2011;2;Luxembourg;;0.188;3.398;4.045;18.25703125;4.78;4.8;35.8
2011;3;Luxembourg;;;2.63;3.886;32.23772727;-2.1;5;35.13
2011;4;Luxembourg;;;2.31;0.19;28.35;;4.8;35.96
2012;1;Luxembourg;;;2.16;0.12;20;;5.9;35.71
2012;2;Luxembourg;;;1.99;0.8;21.9;;4;36.47
2012;3;Luxembourg;;;1.67;1.143200478;16.05;;5.7;37.19
2012;4;Luxembourg;;;2.04;-0.649038333;18.3;;5.2;37.09
2013;1;Luxembourg;;;2.06;1.630592839;17.7;;5.5;
2013;2;Luxembourg;;;;;15.75;;5.7;
2013;3;Luxembourg;;;;;18.45;;5.8;
2013;4;Luxembourg;;;;;;;;
2000;1;Netherlands;2.606447;0.619;5.602;4.646;23.9815625;-1.61;3.3;424.312
2000;2;Netherlands;2.960098;0.585;5.391;4.52;25.90890625;4.26;2.7;436.99
2000;3;Netherlands;-0.5112367;0.574;5.406;4.307;19.6340625;-0.72;2.9;457.821
2000;4;Netherlands;3.06736;0.538;5.218;4.009;26.8153125;5.17;2.9;465.903
2001;1;Netherlands;2.369277;0.531;4.903;3.573;26.5959375;-0.84;2.6;488.403
2001;2;Netherlands;1.974925;0.537;5.186;3.077;24.70092308;2.19;2.1;493.156
2001;3;Netherlands;4.232779;0.524;5.026;2.541;26.61184615;0.11;2;499.743
2001;4;Netherlands;1.64203;0.507;4.742;1.99;28.78430769;0.52;2.2;499.999
2002;1;Netherlands;3.404103;0.515;5.116;1.423;22.15048387;-1.61;2.8;515.908
2002;2;Netherlands;0.2054744;0.517;5.281;0.894;22.33615385;-0.19;2.6;528.283
2002;3;Netherlands;3.768927;0.51;4.765;0.436;36.36454545;-2.6;2.7;526.76
2002;4;Netherlands;2.894468;0.505;4.47;0.08;31.654;0.07;2.9;521.951
2003;1;Netherlands;2.736884;0.518;4.069;-0.036;30.79349206;-2.64;3.7;539.107
2003;2;Netherlands;6.628964;0.511;3.959;-0.027;21.15888889;-2.93;3.6;544.62
2003;3;Netherlands;5.754795;0.524;4.125;0.094;17.98061538;-3.9;3.6;547.843
2003;4;Netherlands;7.213443;0.52;4.321;0.319;17.21015625;0.63;3.9;553.831
2004;1;Netherlands;6.456289;0.53;4.134;0.731;17.21015625;-2.44;4.8;561.799
2004;2;Netherlands;7.022582;0.535;4.305;1.187;16.84380952;-3.25;4.7;571.184
2004;3;Netherlands;10.15069;0.542;4.18;1.639;16.09276923;-1.33;4.2;585.491
2004;4;Netherlands;6.805567;0.524;3.839;2.04;13.99318182;1.28;4.6;592.304
2005;1;Netherlands;8.278926;0.518;3.621;2.113;13.13777778;-1.32;5.3;603.128
2005;2;Netherlands;7.654428;0.541;3.31;2.129;14.00307692;-2.39;4.8;617.768
2005;3;Netherlands;7.439097;0.527;3.191;2.132;12.71242424;-0.1;4.4;632.128
2005;4;Netherlands;9.562304;0.518;3.364;2.164;13.17578125;4.12;4.5;636.689
2006;1;Netherlands;10.13817;0.51;3.496;2.455;12.42876923;0.2;4.5;645.309
2006;2;Netherlands;9.522087;0.506;3.953;2.787;15.2421875;-0.43;3.9;659.02
2006;3;Netherlands;7.925536;0.496;3.864;3.13;14.13953846;0.18;3.6;661.2
2006;4;Netherlands;8.378529;0.474;3.773;3.452;11.40828125;3.46;3.6;659.85
2007;1;Netherlands;6.054835;0.477;4.057;3.713;13.1653125;1.44;3.9;673.614
2007;2;Netherlands;4.833696;0.481;4.331;3.895;14.30390625;-2.19;3.2;679.153
2007;3;Netherlands;7.480339;0.469;4.146;3.969;22.75107692;-1.67;2.9;687.519
2007;4;Netherlands;5.280993;0.453;4.344;3.909;23.17076923;5.01;2.8;700.088
2008;1;Netherlands;4.478979;0.463;4.114;3.639;27.47730159;1.91;3;719.337
2008;2;Netherlands;5.128747;0.463;4.492;3.199;21.52328125;0.49;2.8;727.209
2008;3;Netherlands;1.844866;0.468;4.503;2.578;26.23590909;-1.2;2.4;744.063
2008;4;Netherlands;1.995854;0.585;4.008;1.769;62.54369231;3.64;2.6;715.69
2009;1;Netherlands;4.097249;0.615;3.858;0.209;46.07409091;-2.07;3.2;713.69
2009;2;Netherlands;4.776473;0.608;3.814;-1.336;34.33333333;-4.66;3.3;718.647
2009;3;Netherlands;6.1266;0.615;3.605;-2.653;26.42015152;-7.32;3.4;721.817
2009;4;Netherlands;5.659774;0.608;3.486;-3.529;23.93646154;-3.79;3.8;731.554
2010;1;Netherlands;5.176221;0.615;3.42;-2.609;21.1584127;-2.73;4.9;745.065
2010;2;Netherlands;7.626402;0.632;3.05;-1.278;28.02714286;-6.69;4.5;690.037
2010;3;Netherlands;8.111794;0.631;2.605;0.217;25.51333333;-6.71;4.3;707.245
2010;4;Netherlands;7.09535;0.629;2.957;1.634;20.04560606;-0.77;4.2;725.509
2011;1;Netherlands;9.451803;0.63;3.386;1.927;19.30375;-1.11;4.6;761.579
2011;2;Netherlands;9.39899;0.638;3.436;1.973;18.25703125;-6.53;4.2;769.296
2011;3;Netherlands;10.95967;0.645;2.73;1.848;32.23772727;-4.66;4.2;765
2011;4;Netherlands;11.13205;0.7526;2.43;-0.43;28.35;-3.48;4.8;747.314
2012;1;Netherlands;10.35261;0.7557;2.23;-0.8;20;-1.21;5.2;747.67
2012;2;Netherlands;8.28817;0.7684;2.06;-0.55;21.9;-5.41;5.1;767.037
2012;3;Netherlands;10.39817;0.7832;1.78;-1.44;16.05;-6.3;5.2;771.782
2012;4;Netherlands;10.6689;0.712;1.66;-0.555373276;18.3;-1.66;5.6;769.228
2013;1;Netherlands;9.42533;0.7173;1.74;-0.302513098;17.7;-1.88;6.2;
2013;2;Netherlands;9.40501;0.7309;1.78;-0.028806216;15.75;-5.07;6.7;
2013;3;Netherlands;9.35278;0.7431;;0.086297418;18.45;-5.15;7;
2013;4;Netherlands;;;;;;;;
2000;1;Portugal;-11.01184;0.504;5.739;4.065;23.9815625;-1.31;4.8;116.44
2000;2;Portugal;-11.21999;0.494;5.562;4.063;25.90890625;-1.44;4.5;122.083
2000;3;Portugal;-10.13662;0.492;5.605;4.031;19.6340625;-1.75;4.5;127.353
2000;4;Portugal;-9.441099;0.484;5.449;3.926;26.8153125;-8.32;4.1;134.704
2001;1;Portugal;-10.40693;0.481;5.137;3.508;26.5959375;-1.78;4.5;139.757
2001;2;Portugal;-11.34127;0.49;5.43;3.016;24.70092308;-3.53;4.6;144.489
2001;3;Portugal;-11.29838;0.501;5.223;2.489;26.61184615;-4.02;4.6;148.029
2001;4;Portugal;-8.06284;0.511;4.874;1.967;28.78430769;-9.45;4.6;150.741
2002;1;Portugal;-9.529234;0.501;5.229;1.629;22.15048387;-2.53;4.8;153.839
2002;2;Portugal;-8.268031;0.51;5.37;1.319;22.33615385;-2.28;5.4;157.092
2002;3;Portugal;-7.726282;0.525;4.916;1.018;36.36454545;-7.28;5.8;159.756
2002;4;Portugal;-7.433289;0.537;4.591;0.71;31.654;-1.63;6.8;163.564
2003;1;Portugal;-6.008142;0.552;4.136;0.159;30.79349206;-4.98;7;165.091
2003;2;Portugal;-6.983662;0.542;3.988;-0.345;21.15888889;-5.56;7.2;168.598
2003;3;Portugal;-6.133447;0.558;4.208;-0.732;17.98061538;-7.75;7.1;168.433
2003;4;Portugal;-6.667934;0.557;4.394;-0.931;17.21015625;2.94;7.3;169.216
2004;1;Portugal;-7.476557;0.554;4.18;-0.406;17.21015625;-6.01;7;172.122
2004;2;Portugal;-8.572959;0.569;4.337;0.261;16.84380952;-4.41;7.4;175.819
2004;3;Portugal;-9.451159;0.569;4.213;0.954;16.09276923;-6.18;7.8;177.011
2004;4;Portugal;-10.10271;0.575;3.856;1.558;13.99318182;0.13;7.9;176.565
2005;1;Portugal;-10.33633;0.579;3.624;1.48;13.13777778;-7.12;8.2;178.99
2005;2;Portugal;-10.32629;0.591;3.34;1.27;14.00307692;-2.75;8.4;184.614
2005;3;Portugal;-11.24638;0.616;3.28;1.005;12.71242424;-7.21;8.8;187.787
2005;4;Portugal;-11.28815;0.625;3.483;0.757;13.17578125;-8.82;8.9;191.536
2006;1;Portugal;-10.65881;0.623;3.609;0.836;12.42876923;-4.75;8.4;199.902
2006;2;Portugal;-11.48855;0.642;4.062;0.989;15.2421875;-3.06;8.4;207.447
2006;3;Portugal;-9.565044;0.633;4.016;1.197;14.13953846;-3.12;8.4;210.615
2006;4;Portugal;-9.159214;0.693;3.916;1.44;11.40828125;-7.43;9.1;214.645
2007;1;Portugal;-9.028999;0.675;4.172;1.793;13.1653125;-5.02;9.2;219.645
2007;2;Portugal;-10.60866;0.675;4.455;2.105;14.30390625;-0.53;9;228.125
2007;3;Portugal;-10.80689;0.678;4.282;2.322;22.75107692;-1.97;8.9;234.43
2007;4;Portugal;-12.23261;0.683;4.478;2.386;23.17076923;-5.35;8.6;241.304
2008;1;Portugal;-12.29353;0.674;4.347;1.974;27.47730159;-4.27;8.3;248.181
2008;2;Portugal;-13.42959;0.686;4.705;1.404;21.52328125;1.33;8.4;255.871
2008;3;Portugal;-12.23134;0.692;4.785;0.727;26.23590909;-5.69;8.7;258.16
2008;4;Portugal;-11.62883;0.716;4.376;-0.008;62.54369231;-6.19;8.7;264.422
2009;1;Portugal;-10.29889;0.743;4.565;-0.875;46.07409091;-10.87;9.7;265.342
2009;2;Portugal;-10.10954;0.797;4.393;-1.647;34.33333333;-8.56;10.5;268.979
2009;3;Portugal;-10.7992;0.796;3.967;-2.225;26.42015152;-8.02;11.1;270.101
2009;4;Portugal;-10.84991;0.831;3.83;-2.507;23.93646154;-13.13;11.2;271.778
2010;1;Portugal;-11.36349;0.84;4.348;-1.608;21.1584127;-9.6;11.6;272.424
2010;2;Portugal;-8.48442;0.877;5.108;-0.526;28.02714286;-11.06;12;274.736
2010;3;Portugal;-8.957011;0.911;5.764;0.525;25.51333333;-7.09;12.3;275.459
2010;4;Portugal;-7.485665;0.934;6.801;1.331;20.04560606;-11.56;12.3;271.363
2011;1;Portugal;-9.003961;0.946;7.441;0.711;19.30375;-7.53;12.3;272.096
2011;2;Portugal;-9.05428;1.065;10.012;-0.194;18.25703125;-8.82;12.6;273.482
2011;3;Portugal;-6.27831;1.101;11.47;-1.208;32.23772727;-3.84;12.7;272.202
2011;4;Portugal;-3.90825;1.1768;12.23;-3;28.35;-3.62;4.8;267.837
2012;1;Portugal;-4.73767;1.1942;13.22;-2.34;20;-4.64;5.2;264.599
2012;2;Portugal;-0.77654;1.2183;11.38;-3.2;21.9;-5.56;5.1;261.564
2012;3;Portugal;-0.97993;1.2432;9.67;-3.35;16.05;-5.71;5.2;255.813
2012;4;Portugal;0.43058;1.236;7.91;-1.932296291;18.3;-5.85;17.1;250.828
2013;1;Portugal;0.39064;1.2628;;-0.390452799;17.7;-6.22;17.5;
2013;2;Portugal;-0.71449;1.2852;;1.140650355;15.75;-6.55;16.9;
2013;3;Portugal;-1.50418;1.306;;0.233110554;18.45;-5.79;16;
2013;4;Portugal;;;;;;;;
2000;1;Spain;-3.885119;0.611;5.674;4.887;23.9815625;1.17;12.2;486.341
2000;2;Spain;-4.324797;0.603;5.496;5.004;25.90890625;1.12;11.8;510.286
2000;3;Spain;-5.342964;0.598;5.55;5.069;19.6340625;-3.13;11.5;527.424
2000;4;Spain;-2.327398;0.594;5.375;5.053;26.8153125;-2.86;11.2;548.881
2001;1;Spain;-4.403251;0.579;5.05;4.777;26.5959375;2.73;10.6;556.38
2001;2;Spain;-4.812901;0.574;5.341;4.427;24.70092308;-1.05;10.5;584.295
2001;3;Spain;-4.250962;0.565;5.177;4.038;26.61184615;-1.12;10.4;598.86
2001;4;Spain;-2.366198;0.556;4.862;3.645;28.78430769;-2.52;10.5;622.414
2002;1;Spain;-3.711662;0.547;5.167;3.332;22.15048387;2.35;11.2;637.943
2002;2;Spain;-3.705121;0.543;5.315;3.062;22.33615385;-2.7;11.3;661.276
2002;3;Spain;-3.252496;0.532;4.799;2.848;36.36454545;2.06;11.6;678.338
2002;4;Spain;-2.420078;0.526;4.511;2.704;31.654;-2.34;11.5;698.491
2003;1;Spain;-3.922501;0.513;4.055;2.738;30.79349206;0.7;11.6;719.195
2003;2;Spain;-3.867613;0.514;3.964;2.832;21.15888889;-2.27;11.4;752.748
2003;3;Spain;-4.168458;0.497;4.135;2.96;17.98061538;1.11;11.4;769.102
2003;4;Spain;-2.149898;0.488;4.318;3.098;17.21015625;-0.89;11.3;800.504
2004;1;Spain;-4.865606;0.487;4.13;3.146;17.21015625;0.88;11.1;828.61
2004;2;Spain;-6.010573;0.481;4.273;3.185;16.84380952;-1.7;11.1;869.389
2004;3;Spain;-4.223808;0.467;4.148;3.224;16.09276923;2.14;10.9;895.276
2004;4;Spain;-7.646156;0.463;3.818;3.267;13.99318182;-1.63;10.5;937.027
2005;1;Spain;-7.734437;0.459;3.663;3.342;13.13777778;2.3;9.8;980.446
2005;2;Spain;-7.364907;0.447;3.348;3.426;14.00307692;-0.44;9.4;1074.006
2005;3;Spain;-6.660995;0.437;3.14;3.518;12.71242424;3.49;8.8;1122.139
2005;4;Spain;-8.590986;0.431;3.363;3.615;13.17578125;-0.07;8.7;1194.951
2006;1;Spain;-8.706947;0.422;3.519;3.746;12.42876923;4.33;8.7;1255.681
2006;2;Spain;-9.816953;0.409;3.972;3.866;15.2421875;0.93;8.6;1340.025
2006;3;Spain;-8.677094;0.406;3.853;3.961;14.13953846;3.82;8.5;1409.077
2006;4;Spain;-9.092796;0.396;3.79;4.017;11.40828125;0.64;8.3;1497.39
2007;1;Spain;-10.07091;0.396;4.078;4.04;13.1653125;4.31;8.1;1557.301
2007;2;Spain;-11.35291;0.39;4.349;3.989;14.30390625;-0.06;8;1637.46
2007;3;Spain;-9.486485;0.376;4.163;3.84;22.75107692;6.23;8.4;1689.678
2007;4;Spain;-10.65074;0.362;4.36;3.572;23.17076923;-2.26;8.7;1737.089
2008;1;Spain;-10.85731;0.354;4.18;3.092;27.47730159;1.35;9.2;1769.539
2008;2;Spain;-9.444447;0.359;4.538;2.477;21.52328125;-5.36;10.5;1808.682
2008;3;Spain;-7.472849;0.368;4.652;1.732;26.23590909;-2.44;11.8;1826.051
2008;4;Spain;-6.855365;0.401;4.221;0.864;62.54369231;-11.09;14;1840.008
2009;1;Spain;-4.741826;0.434;4.222;-0.499;46.07409091;-5.7;16.7;1827.948
2009;2;Spain;-4.872377;0.474;4.136;-1.822;34.33333333;-14.04;17.9;1822.872
2009;3;Spain;-4.304847;0.501;3.851;-2.948;26.42015152;-9.96;18.5;1803.158
2009;4;Spain;-5.248414;0.538;3.811;-3.722;23.93646154;-14.68;19;1795.671
2010;1;Spain;-5.987173;0.556;3.967;-3.171;21.1584127;-6.45;19.4;1783.691
2010;2;Spain;-4.792734;0.577;4.194;-2.279;28.02714286;-10.01;20.1;1797.838
2010;3;Spain;-2.502285;0.587;4.188;-1.214;25.51333333;-8.16;20.3;1783.126
2010;4;Spain;-5.57242;0.611;5.26;-0.147;20.04560606;-12.47;20.5;1778.441
2011;1;Spain;-4.219347;0.646;5.377;0.251;19.30375;-5.54;20.7;1756.02
2011;2;Spain;-3.69835;0.66;5.335;0.516;18.25703125;-9.53;21;1742.634
2011;3;Spain;-3.40191;0.66;5.482;0.68;32.23772727;-6.44;22;1718.996
2011;4;Spain;-3.09609;0.7575;5.65;-0.01;28.35;-9.4;22.85;1704.05
2012;1;Spain;-3.56036;0.7806;5.23;-0.7;20;-8.8;24.44;1679.369
2012;2;Spain;-2.01234;0.8035;6.17;-1.36;21.9;-7.84;24.63;1661.489
2012;3;Spain;-0.38051;0.8248;6.43;-1.6;16.05;-6.67;25.02;1631.229
2012;4;Spain;1.69391;0.842;5.56;-0.769569594;18.3;-6.52;26.1;1538.785
2013;1;Spain;1.0331;0.8633;5.06;-0.387747521;17.7;-6.4;26.4;
2013;2;Spain;1.77281;0.8858;4.5;-0.101273303;15.75;-6.42;26.4;
2013;3;Spain;2.45895;0.9093;;0.100004273;18.45;-6.39;26.6;
2013;4;Spain;;;;;;;;
2000;1;Finland;4.007397;0.472;5.64;4.733;23.9815625;5.66;11.1;56.358
2000;2;Finland;6.288392;0.453;5.413;5.113;25.90890625;7.52;11.2;56.576
2000;3;Finland;5.559684;0.458;5.455;5.324;19.6340625;7.83;8.5;57.503
2000;4;Finland;5.851048;0.438;5.319;4.707;26.8153125;6.75;8.7;61.506
2001;1;Finland;8.04989;0.436;4.995;3.921;26.5959375;5.62;9.8;71.128
2001;2;Finland;6.716958;0.431;5.295;3.077;24.70092308;5.17;10.4;72.593
2001;3;Finland;9.743362;0.42;5.091;2.284;26.61184615;4.85;8.1;73.546
2001;4;Finland;6.844073;0.425;4.826;2.005;28.78430769;4.69;8.5;75.511
2002;1;Finland;9.058205;0.403;5.179;1.858;22.15048387;4.54;9.7;76.224
2002;2;Finland;8.245758;0.406;5.341;1.811;22.33615385;4.34;10.5;78.053
2002;3;Finland;8.130084;0.408;4.85;1.834;36.36454545;4.03;8.1;80.555
2002;4;Finland;9.104894;0.415;4.581;1.769;31.654;3.54;8.4;82.168
2003;1;Finland;8.264658;0.431;4.111;1.763;30.79349206;2.96;9.6;83.937
2003;2;Finland;8.564101;0.449;3.971;1.837;21.15888889;2.4;10.5;87.073
2003;3;Finland;8.421059;0.44;4.107;2.012;17.98061538;2.16;7.9;88.611
2003;4;Finland;8.590165;0.445;4.299;2.565;17.21015625;2.25;8.3;90.03
2004;1;Finland;4.225035;0.414;4.112;3.156;17.21015625;2.27;9.4;92.904
2004;2;Finland;6.196804;0.425;4.283;3.704;16.84380952;2.18;10.4;96.331
2004;3;Finland;4.77996;0.431;4.235;4.126;16.09276923;2.21;7.7;97.85
2004;4;Finland;4.134454;0.444;3.887;3.899;13.99318182;2.34;8;99.7
2005;1;Finland;6.233212;0.395;3.635;3.559;13.13777778;2.41;9.2;102.954
2005;2;Finland;5.733758;0.402;3.329;3.2;14.00307692;2.42;9.7;108.354
2005;3;Finland;8.194602;0.396;3.114;2.915;12.71242424;2.65;7.3;110.238
2005;4;Finland;4.138015;0.417;3.294;3.163;13.17578125;3.11;7.7;112.78
2006;1;Finland;1.126841;0.381;3.451;3.53;12.42876923;3.52;8.5;116.141
2006;2;Finland;4.177585;0.404;3.978;3.963;15.2421875;3.86;9;120.242
2006;3;Finland;3.932892;0.373;3.905;4.411;14.13953846;4.2;6.8;122.528
2006;4;Finland;4.365752;0.396;3.788;4.879;11.40828125;4.55;6.8;125.66
2007;1;Finland;5.301479;0.368;4.052;5.239;13.1653125;5.05;7.7;129.47
2007;2;Finland;4.326514;0.371;4.353;5.415;14.30390625;5.56;7.8;133.378
2007;3;Finland;2.948726;0.339;4.154;5.335;22.75107692;5.55;6.1;137.019
2007;4;Finland;2.917073;0.352;4.327;4.725;23.17076923;5.04;6.2;140.302
2008;1;Finland;4.438877;0.335;4.081;3.792;27.47730159;5.08;6.7;144.653
2008;2;Finland;5.625168;0.336;4.515;2.543;21.52328125;5.31;7.4;149.291
2008;3;Finland;4.005304;0.299;4.571;0.983;26.23590909;4.35;5.6;153.25
2008;4;Finland;4.244421;0.339;3.959;-1.877;62.54369231;2.23;6;154.369
2009;1;Finland;2.300642;0.385;3.862;-4.636;46.07409091;-0.58;7.7;154.818
2009;2;Finland;0.7774645;0.35;3.863;-6.888;34.33333333;-3.03;9.7;155.164
2009;3;Finland;2.895578;0.394;3.631;-8.227;26.42015152;-3.96;7.6;154.959
2009;4;Finland;0.8463281;0.433;3.508;-5.941;23.93646154;-3.43;8.3;155.456
2010;1;Finland;0.4728143;0.449;3.375;-2.856;21.1584127;-3.04;9.4;157.461
2010;2;Finland;0.4406808;0.47;3.06;0.512;28.02714286;-3.21;9.7;160.757
2010;3;Finland;6.005856;0.47;2.65;3.644;25.51333333;-2.98;7.4;162.728
2010;4;Finland;-0.1429054;0.483;2.962;4.297;20.04560606;-2.26;7.5;163.803
2011;1;Finland;1.788741;0.46;3.377;4.369;19.30375;-1.36;8.7;166.241
2011;2;Finland;-1.33102;0.455;3.394;4.032;18.25703125;-0.68;9;169.81
2011;3;Finland;-0.49853;0.472;2.73;3.11;32.23772727;-0.53;6.9;173.091
2011;4;Finland;-5.12018;0.5798;2.52;0.99;28.35;-0.92;7;175.401
2012;1;Finland;-1.69615;0.5761;2.31;1.44;20;-0.96;8.1;177.51
2012;2;Finland;-0.88669;0.5737;1.91;-0.15;21.9;-0.72;8.8;180.925
2012;3;Finland;-0.98288;0.5727;1.64;-1.08;16.05;-0.67;7.2;182.501
2012;4;Finland;-4.22256;0.53;1.68;-0.853199498;18.3;-2.34;7.9;182.824
2013;1;Finland;-2.06522;0.5385;1.72;-0.169577322;17.7;-3.11;8.1;
2013;2;Finland;-1.72673;0.5423;1.66;0.065917907;15.75;-2;8.1;
2013;3;Finland;-1.4347;0.5453;;-0.03800451;18.45;-2.05;8.1;
2013;4;Finland;;;;;;;;
